id,network_id,network_type,platform,order_date,reporting_week,orders_count,gross_sales,refunds,net_sales,avg_order_value,avg_prep_time,avg_fulfilment_time,completion_rate,delivery_rating,royalty_rate,royalty_value,inserted_at
59b8e85c-0539-45f7-b0dd-2ce07c9b3d6b,3,Franchise,deliveroo,2025-07-25T00:00:00.000Z,2025-W30,5,133.25,0,133.25,26.65,,,,,,,2025-10-10T07:49:02.123Z
0c33c4ad-4c11-42b8-98e8-bb5f8414f249,3,Franchise,justeat,2025-07-25T00:00:00.000Z,2025-W30,0,0,0,0,0,,,,,,,2025-10-10T07:49:02.127Z
413f2e76-b4ff-41b7-afba-a515095081d7,3,Franchise,ubereats,2025-07-25T00:00:00.000Z,2025-W30,2,48.33,0,48.33,24.17,,,,,,,2025-10-10T07:49:02.125Z
2b06681a-49f1-4ca0-826a-03d61f3c7211,3,Franchise,wingverse,2025-07-25T00:00:00.000Z,2025-W30,0,0,0,0,0,,,,,,,2025-10-10T07:49:02.121Z
e737ed09-0f45-41df-87c6-87338f86cc96,3,Franchise,deliveroo,2025-07-26T00:00:00.000Z,2025-W30,3,58.5,0,58.5,19.5,,,,,,,2025-10-10T07:49:02.123Z
fb28b439-6ba8-4541-a9bf-988c768a06b7,3,Franchise,justeat,2025-07-26T00:00:00.000Z,2025-W30,0,0,0,0,0,,,,,,,2025-10-10T07:49:02.127Z
7a42e6b7-3ed6-4d82-a5ae-647aaa3d78f7,3,Franchise,ubereats,2025-07-26T00:00:00.000Z,2025-W30,2,57,0,57,28.5,,,,,,,2025-10-10T07:49:02.125Z
d0881b90-78fb-46e6-ad05-20f047663fea,3,Franchise,wingverse,2025-07-26T00:00:00.000Z,2025-W30,0,0,0,0,0,,,,,,,2025-10-10T07:49:02.121Z
f6922c68-aa45-4128-942c-08a8ec41650c,3,Franchise,deliveroo,2025-07-27T00:00:00.000Z,2025-W30,1,37.8,0,37.8,37.8,,,,,,,2025-10-10T07:49:02.123Z
31a93a5c-2e33-474b-8f6c-28a638cd4f4e,3,Franchise,justeat,2025-07-27T00:00:00.000Z,2025-W30,0,0,0,0,0,,,,,,,2025-10-10T07:49:02.127Z
107c94cf-d602-4278-9589-ea70adfbf0f6,3,Franchise,ubereats,2025-07-27T00:00:00.000Z,2025-W30,6,129.78,0,129.78,21.63,,,,,,,2025-10-10T07:49:02.125Z
06ea864c-0258-4bb6-9aed-3a5959a5d037,3,Franchise,wingverse,2025-07-27T00:00:00.000Z,2025-W30,0,0,0,0,0,,,,,,,2025-10-10T07:49:02.121Z
80efdcb9-ebb0-473d-a607-c4a0a182855c,3,Franchise,deliveroo,2025-07-28T00:00:00.000Z,2025-W31,0,0,0,0,0,,,,,,,2025-10-10T07:49:02.123Z
2fbe86d0-4ed7-43f9-aaea-815189107ccc,3,Franchise,justeat,2025-07-28T00:00:00.000Z,2025-W31,0,0,0,0,0,,,,,,,2025-10-10T07:49:02.127Z
1c4d0ab0-b41f-406c-99b0-d5b9161e7554,3,Franchise,ubereats,2025-07-28T00:00:00.000Z,2025-W31,1,24.17,0,24.17,24.17,,,,,,,2025-10-10T07:49:02.125Z
5b24a3b4-f05c-419a-98c8-5b63fcf1589b,3,Franchise,wingverse,2025-07-28T00:00:00.000Z,2025-W31,0,0,0,0,0,,,,,,,2025-10-10T07:49:02.121Z
411439f8-ebad-4014-87af-e0bef8ef9e21,3,Franchise,deliveroo,2025-07-29T00:00:00.000Z,2025-W31,7,223.75,0,223.75,31.96,,,,,,,2025-10-10T07:49:02.123Z
a65c1099-f726-4da7-aa57-d575a06ed42f,3,Franchise,justeat,2025-07-29T00:00:00.000Z,2025-W31,6,193.68,0,193.68,32.28,,,,,,,2025-10-10T07:49:02.127Z
7da659fb-029e-401b-9f32-7ea69f042cd9,3,Franchise,ubereats,2025-07-29T00:00:00.000Z,2025-W31,1,41.46,0,41.46,41.46,,,,,,,2025-10-10T07:49:02.125Z
2eba65d4-67ad-4507-a081-5e696bef743c,3,Franchise,wingverse,2025-07-29T00:00:00.000Z,2025-W31,0,0,0,0,0,,,,,,,2025-10-10T07:49:02.121Z
0e112830-e3cd-46e2-afbb-69d6ddd4ac2c,3,Franchise,deliveroo,2025-07-30T00:00:00.000Z,2025-W31,2,69.5,0,69.5,34.75,,,,,,,2025-10-10T07:49:02.123Z
74cdc633-39eb-46b0-bf7f-1906d40714de,3,Franchise,justeat,2025-07-30T00:00:00.000Z,2025-W31,2,90.39,0,90.39,45.2,,,,,,,2025-10-10T07:49:02.127Z
0de91e98-824c-4ed2-901c-fcce13659dd8,3,Franchise,ubereats,2025-07-30T00:00:00.000Z,2025-W31,0,0,0,0,0,,,,,,,2025-10-10T07:49:02.125Z
143b397f-6686-4f16-aab5-828226c8211c,3,Franchise,wingverse,2025-07-30T00:00:00.000Z,2025-W31,0,0,0,0,0,,,,,,,2025-10-10T07:49:02.121Z
78eab2c6-c794-4e19-8c7f-d7852a3bd94b,3,Franchise,deliveroo,2025-07-31T00:00:00.000Z,2025-W31,7,246.9,0,246.9,35.27,,,,,,,2025-10-10T07:49:02.123Z
8cd5cb71-623a-421e-adb3-87863bdf0dd2,3,Franchise,justeat,2025-07-31T00:00:00.000Z,2025-W31,2,138.36,0,138.36,69.18,,,,,,,2025-10-10T07:49:02.127Z
0895b814-a996-4f06-a78d-bd3fa12ec863,3,Franchise,ubereats,2025-07-31T00:00:00.000Z,2025-W31,1,13.75,0,13.75,13.75,,,,,,,2025-10-10T07:49:02.125Z
049e426b-2bc6-4ff0-b88c-ee871ce73600,3,Franchise,wingverse,2025-07-31T00:00:00.000Z,2025-W31,0,0,0,0,0,,,,,,,2025-10-10T07:49:02.121Z
99bb5e2c-cf36-4ce1-9a3b-5dda1b2adbc1,3,Franchise,deliveroo,2025-08-01T00:00:00.000Z,2025-W31,7,214.1,0,214.1,30.59,,,,,,,2025-10-10T07:49:02.123Z
6329fd1e-85e4-4f6c-8a73-bd763912c685,3,Franchise,justeat,2025-08-01T00:00:00.000Z,2025-W31,1,26.02,0,26.02,26.02,,,,,,,2025-10-10T07:49:02.127Z
0546db70-68bc-4d2c-a5ff-4f836a5998af,3,Franchise,ubereats,2025-08-01T00:00:00.000Z,2025-W31,3,94.66,0,94.66,31.55,,,,,,,2025-10-10T07:49:02.125Z
5342f2d3-f92c-416c-93b5-6f37443d23c3,3,Franchise,wingverse,2025-08-01T00:00:00.000Z,2025-W31,0,0,0,0,0,,,,,,,2025-10-10T07:49:02.121Z
f9bd47fd-5490-48f1-bc25-7f069f0499c4,3,Franchise,deliveroo,2025-08-02T00:00:00.000Z,2025-W31,3,116.05,0,116.05,38.68,,,,,,,2025-10-10T07:49:02.123Z
65f532dc-352a-4a7e-abb3-1045d222f8ea,3,Franchise,justeat,2025-08-02T00:00:00.000Z,2025-W31,2,83.35,0,83.35,41.68,,,,,,,2025-10-10T07:49:02.127Z
a8b31e72-e997-4878-80ff-58987b387da0,3,Franchise,ubereats,2025-08-02T00:00:00.000Z,2025-W31,1,24.33,0,24.33,24.33,,,,,,,2025-10-10T07:49:02.125Z
3936a2ea-6538-4fdb-b008-50191dc88e67,3,Franchise,wingverse,2025-08-02T00:00:00.000Z,2025-W31,0,0,0,0,0,,,,,,,2025-10-10T07:49:02.121Z
d354fa02-b23e-4d5a-9c9a-4930005f82ee,3,Franchise,deliveroo,2025-08-03T00:00:00.000Z,2025-W31,0,0,0,0,0,,,,,,,2025-10-10T07:49:02.123Z
79c2d1de-8ea8-4d0d-b476-6a6619865d35,3,Franchise,justeat,2025-08-03T00:00:00.000Z,2025-W31,3,106.07,0,106.07,35.36,,,,,,,2025-10-10T07:49:02.127Z
28f447e2-6871-408f-891a-367a0b2ee44e,3,Franchise,ubereats,2025-08-03T00:00:00.000Z,2025-W31,4,88.44,0,88.44,22.11,,,,,,,2025-10-10T07:49:02.125Z
038fed0e-f46b-4a21-a25f-88e870923a8c,3,Franchise,wingverse,2025-08-03T00:00:00.000Z,2025-W31,0,0,0,0,0,,,,,,,2025-10-10T07:49:02.121Z
e4d35ee9-80e5-414a-a949-780afde95781,3,Franchise,deliveroo,2025-08-04T00:00:00.000Z,2025-W32,4,104.8,0,104.8,26.2,,,,,,,2025-10-10T07:49:02.123Z
6e10a51b-7317-4b2d-ba0e-fefd28a5222f,3,Franchise,justeat,2025-08-04T00:00:00.000Z,2025-W32,2,44.6,0,44.6,22.3,,,,,,,2025-10-10T07:49:02.127Z
b97eb31b-5e15-4140-81ea-4156ae62e11b,3,Franchise,ubereats,2025-08-04T00:00:00.000Z,2025-W32,1,11.04,0,11.04,11.04,,,,,,,2025-10-10T07:49:02.125Z
19ee1600-88f1-4649-8c9b-a5854742e1b7,3,Franchise,wingverse,2025-08-04T00:00:00.000Z,2025-W32,0,0,0,0,0,,,,,,,2025-10-10T07:49:02.121Z
3c2e647b-0a5e-4e09-add2-f2cd14944ed6,3,Franchise,deliveroo,2025-08-05T00:00:00.000Z,2025-W32,0,0,0,0,0,,,,,,,2025-10-10T07:49:02.123Z
a6ccb4f4-d62f-45e6-90d8-780482e19dea,3,Franchise,justeat,2025-08-05T00:00:00.000Z,2025-W32,2,48.48,0,48.48,24.24,,,,,,,2025-10-10T07:49:02.127Z
b116283a-286b-4ce1-bf42-5744e7f7364b,3,Franchise,ubereats,2025-08-05T00:00:00.000Z,2025-W32,8,209.81,0,209.81,26.23,,,,,,,2025-10-10T07:49:02.125Z
097be1b3-2ed1-4d99-8059-a6f9107e878b,3,Franchise,wingverse,2025-08-05T00:00:00.000Z,2025-W32,0,0,0,0,0,,,,,,,2025-10-10T07:49:02.121Z
52717470-41ae-4cc7-99db-b479be135cf6,3,Franchise,deliveroo,2025-08-06T00:00:00.000Z,2025-W32,1,31.5,0,31.5,31.5,,,,,,,2025-10-10T07:49:02.123Z
9a841a73-1b49-4581-87f2-2893c4145639,3,Franchise,justeat,2025-08-06T00:00:00.000Z,2025-W32,3,82.79,0,82.79,27.6,,,,,,,2025-10-10T07:49:02.127Z
4494aab7-9bc3-421f-aef7-960a2a6a7c3c,3,Franchise,ubereats,2025-08-06T00:00:00.000Z,2025-W32,1,19.79,0,19.79,19.79,,,,,,,2025-10-10T07:49:02.125Z
c080f5b8-e525-4ed8-a09c-3c77dee6dd92,3,Franchise,wingverse,2025-08-06T00:00:00.000Z,2025-W32,0,0,0,0,0,,,,,,,2025-10-10T07:49:02.121Z
c896fffb-0cf8-4795-bb5b-43272210432b,3,Franchise,deliveroo,2025-08-07T00:00:00.000Z,2025-W32,4,104.29,0,104.29,26.07,,,,,,,2025-10-10T07:49:02.123Z
097c4bfc-86a9-4b37-9d8f-0a4bc8b0e19e,3,Franchise,justeat,2025-08-07T00:00:00.000Z,2025-W32,3,79.87,0,79.87,26.62,,,,,,,2025-10-10T07:49:02.127Z
4a8f5844-4c41-4798-b155-274178f3a341,3,Franchise,ubereats,2025-08-07T00:00:00.000Z,2025-W32,3,79.66,0,79.66,26.55,,,,,,,2025-10-10T07:49:02.125Z
e297a755-55c6-44c6-8849-e910319d4ea4,3,Franchise,wingverse,2025-08-07T00:00:00.000Z,2025-W32,0,0,0,0,0,,,,,,,2025-10-10T07:49:02.121Z
a16e4ded-ad2c-4702-a30c-090242967a7a,3,Franchise,deliveroo,2025-08-08T00:00:00.000Z,2025-W32,5,141.69,0,141.69,28.34,,,,,,,2025-10-10T07:49:02.123Z
384d558e-1f5e-402d-a40b-6c41e7a41b5e,3,Franchise,justeat,2025-08-08T00:00:00.000Z,2025-W32,1,23.71,0,23.71,23.71,,,,,,,2025-10-10T07:49:02.127Z
43d546bf-41e1-4f01-aacb-2c4ffa8cedb2,3,Franchise,ubereats,2025-08-08T00:00:00.000Z,2025-W32,6,145.74,0,145.74,24.29,,,,,,,2025-10-10T07:49:02.125Z
7a068181-a630-4e6e-b26f-e12450d0be8e,3,Franchise,wingverse,2025-08-08T00:00:00.000Z,2025-W32,0,0,0,0,0,,,,,,,2025-10-10T07:49:02.121Z
ea4b590d-299e-4c3b-be1c-1bf91df6aeea,3,Franchise,deliveroo,2025-08-09T00:00:00.000Z,2025-W32,3,56.8,0,56.8,18.93,,,,,,,2025-10-10T07:49:02.123Z
8375be2e-6062-45e3-942a-6124fda5f3fd,3,Franchise,justeat,2025-08-09T00:00:00.000Z,2025-W32,6,159.65,0,159.65,26.61,,,,,,,2025-10-10T07:49:02.127Z
de6610ca-e783-4ca5-8a2c-84d93db9761f,3,Franchise,ubereats,2025-08-09T00:00:00.000Z,2025-W32,2,70.54,0,70.54,35.27,,,,,,,2025-10-10T07:49:02.125Z
be1b4801-a86d-4961-928f-0e24f723288c,3,Franchise,wingverse,2025-08-09T00:00:00.000Z,2025-W32,0,0,0,0,0,,,,,,,2025-10-10T07:49:02.121Z
7c39cb13-88cc-4d2c-85b9-d0a403d9f343,3,Franchise,deliveroo,2025-08-10T00:00:00.000Z,2025-W32,3,122.13,0,122.13,40.71,,,,,,,2025-10-10T07:49:02.123Z
7b378250-cccd-432c-971f-902d80f957e6,3,Franchise,justeat,2025-08-10T00:00:00.000Z,2025-W32,3,83.1,0,83.1,27.7,,,,,,,2025-10-10T07:49:02.127Z
9d573616-886d-4df7-96ce-7f57cc06ceb7,3,Franchise,ubereats,2025-08-10T00:00:00.000Z,2025-W32,3,79.54,0,79.54,26.51,,,,,,,2025-10-10T07:49:02.125Z
b3b3105c-75d7-4e08-9e17-ec085f146d34,3,Franchise,wingverse,2025-08-10T00:00:00.000Z,2025-W32,0,0,0,0,0,,,,,,,2025-10-10T07:49:02.121Z
3c5c18d9-26af-483f-94e5-1726b8fb519e,3,Franchise,deliveroo,2025-08-11T00:00:00.000Z,2025-W33,4,102.2,0,102.2,25.55,,,,,,,2025-10-10T07:49:02.123Z
912200fb-a8b6-4ee9-9048-9f3e845ecbe5,3,Franchise,justeat,2025-08-11T00:00:00.000Z,2025-W33,1,25.83,0,25.83,25.83,,,,,,,2025-10-10T07:49:02.127Z
5715c07e-f066-4ad0-af45-88b3b76c8078,3,Franchise,ubereats,2025-08-11T00:00:00.000Z,2025-W33,6,115.62,0,115.62,19.27,,,,,,,2025-10-10T07:49:02.125Z
1d7b64f4-103c-4a12-b19e-6c4b9a04332a,3,Franchise,wingverse,2025-08-11T00:00:00.000Z,2025-W33,0,0,0,0,0,,,,,,,2025-10-10T07:49:02.121Z
aecca995-f002-446c-abda-bd8858b16882,3,Franchise,deliveroo,2025-08-12T00:00:00.000Z,2025-W33,4,102.2,0,102.2,25.55,,,,,,,2025-10-10T07:49:02.123Z
479bc053-654e-49e9-9845-eb3565999fd2,3,Franchise,justeat,2025-08-12T00:00:00.000Z,2025-W33,5,130.88,0,130.88,26.18,,,,,,,2025-10-10T07:49:02.127Z
96ac6302-6e9d-404b-a49f-49e6c41ee6e9,3,Franchise,ubereats,2025-08-12T00:00:00.000Z,2025-W33,2,26.21,0,26.21,13.11,,,,,,,2025-10-10T07:49:02.125Z
b8187c0c-11be-43c4-87a2-62ea7e96ff9c,3,Franchise,wingverse,2025-08-12T00:00:00.000Z,2025-W33,0,0,0,0,0,,,,,,,2025-10-10T07:49:02.121Z
9926406b-8791-41ca-8f91-a8eb7456a1f1,3,Franchise,deliveroo,2025-08-13T00:00:00.000Z,2025-W33,3,61.9,0,61.9,20.63,,,,,,,2025-10-10T07:49:02.123Z
a3db3c6b-ee38-4ea8-acc9-d5bb38c5d146,3,Franchise,justeat,2025-08-13T00:00:00.000Z,2025-W33,1,32,0,32,32,,,,,,,2025-10-10T07:49:02.127Z
e727c900-5e67-41ba-b46a-2ecbb7ba751c,3,Franchise,ubereats,2025-08-13T00:00:00.000Z,2025-W33,5,140.87,0,140.87,28.17,,,,,,,2025-10-10T07:49:02.125Z
78944ab4-0c50-422b-9bac-fd8d7435e796,3,Franchise,wingverse,2025-08-13T00:00:00.000Z,2025-W33,0,0,0,0,0,,,,,,,2025-10-10T07:49:02.121Z
8a716416-26b3-45ca-8923-da0ccac21796,3,Franchise,deliveroo,2025-08-14T00:00:00.000Z,2025-W33,14,409.4,0,409.4,29.24,,,,,,,2025-10-10T07:49:02.123Z
c176534b-28f4-46a8-bbe2-f6882bdd6351,3,Franchise,justeat,2025-08-14T00:00:00.000Z,2025-W33,3,79.22,0,79.22,26.41,,,,,,,2025-10-10T07:49:02.127Z
827a0ed0-f3a6-4424-b042-ed61da20003a,3,Franchise,ubereats,2025-08-14T00:00:00.000Z,2025-W33,2,49.12,0,49.12,24.56,,,,,,,2025-10-10T07:49:02.125Z
b6657073-1f4a-4071-ae0c-6386e26b07fd,3,Franchise,wingverse,2025-08-14T00:00:00.000Z,2025-W33,0,0,0,0,0,,,,,,,2025-10-10T07:49:02.121Z
e02a035d-ebf4-40a2-bc94-eea65fe803c3,3,Franchise,deliveroo,2025-08-15T00:00:00.000Z,2025-W33,9,264.55,0,264.55,29.39,,,,,,,2025-10-10T07:49:02.123Z
9a143228-64bc-4418-8acd-7b1906a9937e,3,Franchise,justeat,2025-08-15T00:00:00.000Z,2025-W33,5,101.74,0,101.74,20.35,,,,,,,2025-10-10T07:49:02.127Z
a962bced-f1e4-4bb2-9005-3ac501c241ba,3,Franchise,ubereats,2025-08-15T00:00:00.000Z,2025-W33,2,54.5,0,54.5,27.25,,,,,,,2025-10-10T07:49:02.125Z
79e7be54-f6d4-4937-8163-9a44c83df6d6,3,Franchise,wingverse,2025-08-15T00:00:00.000Z,2025-W33,1,22.04,0,22.04,22.04,,,,,,,2025-10-10T07:49:02.121Z
83a0cbb2-887c-4991-b84d-dfb4557deb25,3,Franchise,deliveroo,2025-08-16T00:00:00.000Z,2025-W33,8,226.82,0,226.82,28.35,,,,,,,2025-10-10T07:49:02.123Z
158df71b-37e8-4a9b-9090-ff19b7f9f318,3,Franchise,justeat,2025-08-16T00:00:00.000Z,2025-W33,6,185.74,0,185.74,30.96,,,,,,,2025-10-10T07:49:02.127Z
45769c37-679e-40f4-87a4-f18f9bee0804,3,Franchise,ubereats,2025-08-16T00:00:00.000Z,2025-W33,0,0,0,0,0,,,,,,,2025-10-10T07:49:02.125Z
6eedc3f6-7cb1-471e-bc74-6c86dd7d9b8d,3,Franchise,wingverse,2025-08-16T00:00:00.000Z,2025-W33,0,0,0,0,0,,,,,,,2025-10-10T07:49:02.121Z
35040aca-0c1f-4e1a-90b9-3fbec6762d74,3,Franchise,deliveroo,2025-08-17T00:00:00.000Z,2025-W33,1,36.94,0,36.94,36.94,,,,,,,2025-10-10T07:49:02.123Z
d6f8f9ad-3424-4eea-81f6-2d2cda4db982,3,Franchise,justeat,2025-08-17T00:00:00.000Z,2025-W33,2,62.7,0,62.7,31.35,,,,,,,2025-10-10T07:49:02.127Z
07106294-e3f2-434e-8b5a-80fe6b7505a4,3,Franchise,ubereats,2025-08-17T00:00:00.000Z,2025-W33,9,252.18,0,252.18,28.02,,,,,,,2025-10-10T07:49:02.125Z
ba51151b-424d-4196-a39e-97f655ae548b,3,Franchise,wingverse,2025-08-17T00:00:00.000Z,2025-W33,0,0,0,0,0,,,,,,,2025-10-10T07:49:02.121Z
fcf35981-956a-4942-8024-62b42c2ebf79,3,Franchise,deliveroo,2025-08-18T00:00:00.000Z,2025-W34,6,191.05,0,191.05,31.84,,,,,,,2025-10-10T07:49:02.123Z
4a37864d-2ba9-40e0-88a8-169aa1763e14,3,Franchise,justeat,2025-08-18T00:00:00.000Z,2025-W34,1,38.56,0,38.56,38.56,,,,,,,2025-10-10T07:49:02.127Z
45a8ce72-e307-4ac6-b9c1-6a50e1d4856c,3,Franchise,ubereats,2025-08-18T00:00:00.000Z,2025-W34,2,63.78,0,63.78,31.89,,,,,,,2025-10-10T07:49:02.125Z
85976df3-a8a8-4d70-9e07-253d0d4cde21,3,Franchise,wingverse,2025-08-18T00:00:00.000Z,2025-W34,0,0,0,0,0,,,,,,,2025-10-10T07:49:02.121Z
6bac4359-1fca-4a98-b7bb-815b49d707c2,3,Franchise,deliveroo,2025-08-19T00:00:00.000Z,2025-W34,1,27.45,0,27.45,27.45,,,,,,,2025-10-10T07:49:02.123Z
6c882cbe-3610-4f84-b06f-a633984b7ca2,3,Franchise,justeat,2025-08-19T00:00:00.000Z,2025-W34,4,125.29,0,125.29,31.32,,,,,,,2025-10-10T07:49:02.127Z
95c46495-7145-45f9-9ff8-e31358b00f65,3,Franchise,ubereats,2025-08-19T00:00:00.000Z,2025-W34,3,98.07,0,98.07,32.69,,,,,,,2025-10-10T07:49:02.125Z
66d31f47-ad5f-4599-8e2f-77c68fdaf432,3,Franchise,wingverse,2025-08-19T00:00:00.000Z,2025-W34,0,0,0,0,0,,,,,,,2025-10-10T07:49:02.121Z
59de14b1-52af-434d-84a7-dc6ebc5bfc0b,3,Franchise,deliveroo,2025-08-20T00:00:00.000Z,2025-W34,4,124.6,0,124.6,31.15,,,,,,,2025-10-10T07:49:02.123Z
fdb0ed63-2507-4e3d-a8ed-763ce6f67694,3,Franchise,justeat,2025-08-20T00:00:00.000Z,2025-W34,1,20.74,0,20.74,20.74,,,,,,,2025-10-10T07:49:02.127Z
ddf62b06-5240-4ccb-b164-68ba760bf046,3,Franchise,ubereats,2025-08-20T00:00:00.000Z,2025-W34,7,133.23,0,133.23,19.03,,,,,,,2025-10-10T07:49:02.125Z
ad66040d-fd70-4bdd-8318-952e00e327f1,3,Franchise,wingverse,2025-08-20T00:00:00.000Z,2025-W34,0,0,0,0,0,,,,,,,2025-10-10T07:49:02.121Z
163bc634-51ed-4dff-8414-ca709699fca7,3,Franchise,deliveroo,2025-08-21T00:00:00.000Z,2025-W34,10,226.71,0,226.71,22.67,,,,,,,2025-10-10T07:49:02.123Z
2cef23b2-4bda-4396-a2de-05b102bd07b2,3,Franchise,justeat,2025-08-21T00:00:00.000Z,2025-W34,3,74.62,0,74.62,24.87,,,,,,,2025-10-10T07:49:02.126Z
549d9831-3da9-4088-a5aa-75695086277b,3,Franchise,ubereats,2025-08-21T00:00:00.000Z,2025-W34,5,149.89,0,149.89,29.98,,,,,,,2025-10-10T07:49:02.125Z
c28685e6-f4e0-4924-834a-dfd7bb17d1a8,3,Franchise,wingverse,2025-08-21T00:00:00.000Z,2025-W34,0,0,0,0,0,,,,,,,2025-10-10T07:49:02.121Z
62a05061-3d30-4dc5-81ea-e8cda3520f23,3,Franchise,deliveroo,2025-08-22T00:00:00.000Z,2025-W34,7,142.34,0,142.34,20.33,,,,,,,2025-10-10T07:49:02.123Z
2ae2231b-f68b-4847-8c23-fed34fcd76dc,3,Franchise,justeat,2025-08-22T00:00:00.000Z,2025-W34,6,190.42,0,190.42,31.74,,,,,,,2025-10-10T07:49:02.126Z
397b3d87-8050-4652-ac30-d2575d471d63,3,Franchise,ubereats,2025-08-22T00:00:00.000Z,2025-W34,11,315.16,0,315.16,28.65,,,,,,,2025-10-10T07:49:02.125Z
2b854210-e9cc-461c-9621-8a90f20f2b46,3,Franchise,wingverse,2025-08-22T00:00:00.000Z,2025-W34,0,0,0,0,0,,,,,,,2025-10-10T07:49:02.112Z
84d14397-f4ca-4d34-a52d-158e099689d4,3,Franchise,deliveroo,2025-08-23T00:00:00.000Z,2025-W34,5,113.15,0,113.15,22.63,,,,,,,2025-10-10T07:49:02.123Z
c54a5b01-07bf-4a5a-a550-9e87738a24b3,3,Franchise,justeat,2025-08-23T00:00:00.000Z,2025-W34,5,221.2,0,221.2,44.24,,,,,,,2025-10-10T07:49:02.126Z
c5e5ce0e-3534-453d-8aeb-d7b8f9b4efb0,3,Franchise,ubereats,2025-08-23T00:00:00.000Z,2025-W34,6,194.89,0,194.89,32.48,,,,,,,2025-10-10T07:49:02.125Z
c696b796-5b57-4dfd-b071-85a9d448ede9,3,Franchise,wingverse,2025-08-23T00:00:00.000Z,2025-W34,0,0,0,0,0,,,,,,,2025-10-10T07:49:02.112Z
f0553e4a-92ed-4240-8639-0f9d16943efb,3,Franchise,deliveroo,2025-08-24T00:00:00.000Z,2025-W34,4,94.59,0,94.59,23.65,,,,,,,2025-10-10T07:49:02.123Z
4317064f-bb30-403e-961d-fc2d8ff0860c,3,Franchise,justeat,2025-08-24T00:00:00.000Z,2025-W34,8,248.32,0,248.32,31.04,,,,,,,2025-10-10T07:49:02.126Z
f6221455-8f51-42cc-8353-132f8842fd4f,3,Franchise,ubereats,2025-08-24T00:00:00.000Z,2025-W34,2,53.63,0,53.63,26.82,,,,,,,2025-10-10T07:49:02.125Z
2af36cfa-86a5-44fd-86a1-26718121c501,3,Franchise,wingverse,2025-08-24T00:00:00.000Z,2025-W34,0,0,0,0,0,,,,,,,2025-10-10T07:49:02.112Z
1f58db63-2666-47e6-bb52-eee1d7303577,3,Franchise,deliveroo,2025-08-25T00:00:00.000Z,2025-W35,4,75.7,0,75.7,18.93,,,,,,,2025-10-10T07:49:02.123Z
07bb1372-adb5-471f-8328-08795fa7af84,3,Franchise,justeat,2025-08-25T00:00:00.000Z,2025-W35,4,116.94,0,116.94,29.24,,,,,,,2025-10-10T07:49:02.126Z
958176ab-927a-4cb2-8175-b943a8c87647,3,Franchise,ubereats,2025-08-25T00:00:00.000Z,2025-W35,4,121.67,0,121.67,30.42,,,,,,,2025-10-10T07:49:02.125Z
62b8e6d8-10ae-4670-9db2-e3b0e77b1dd6,3,Franchise,wingverse,2025-08-25T00:00:00.000Z,2025-W35,0,0,0,0,0,,,,,,,2025-10-10T07:49:02.112Z
d24e8d69-22b2-4dc7-9774-f59e6e393d14,3,Franchise,deliveroo,2025-08-26T00:00:00.000Z,2025-W35,5,141.94,0,141.94,28.39,,,,,,,2025-10-10T07:49:02.123Z
1e38fb36-744f-46e8-a4ce-b0b616cfad22,3,Franchise,justeat,2025-08-26T00:00:00.000Z,2025-W35,2,44.55,0,44.55,22.28,,,,,,,2025-10-10T07:49:02.126Z
bea1ce2f-7762-4412-828d-11fa09146903,3,Franchise,ubereats,2025-08-26T00:00:00.000Z,2025-W35,8,232.17,0,232.17,29.02,,,,,,,2025-10-10T07:49:02.125Z
39e09028-bcfe-4f30-a807-bdc863359786,3,Franchise,wingverse,2025-08-26T00:00:00.000Z,2025-W35,0,0,0,0,0,,,,,,,2025-10-10T07:49:02.112Z
259c3f91-d960-4dc1-83b2-eba27c6138bd,3,Franchise,deliveroo,2025-08-27T00:00:00.000Z,2025-W35,4,92.7,0,92.7,23.18,,,,,,,2025-10-10T07:49:02.123Z
4d62823b-c8f6-498e-a631-1a81c5469b12,3,Franchise,justeat,2025-08-27T00:00:00.000Z,2025-W35,1,31.34,0,31.34,31.34,,,,,,,2025-10-10T07:49:02.126Z
0320c6fd-cee5-4a33-bb95-4283b32f0275,3,Franchise,ubereats,2025-08-27T00:00:00.000Z,2025-W35,7,221.17,0,221.17,31.6,,,,,,,2025-10-10T07:49:02.124Z
7e70da4f-b393-4bb2-a69e-a8754b05039f,3,Franchise,wingverse,2025-08-27T00:00:00.000Z,2025-W35,0,0,0,0,0,,,,,,,2025-10-10T07:49:02.112Z
d8b2af32-55d5-45c9-a67d-2236a7331051,3,Franchise,deliveroo,2025-08-28T00:00:00.000Z,2025-W35,5,165.13,0,165.13,33.03,,,,,,,2025-10-10T07:49:02.123Z
da86eb0b-9511-4361-ab7b-fa9ed7ffd8b5,3,Franchise,justeat,2025-08-28T00:00:00.000Z,2025-W35,4,129.43,0,129.43,32.36,,,,,,,2025-10-10T07:49:02.126Z
77338a4c-e40e-48bb-a2a6-2dc4b9522e12,3,Franchise,ubereats,2025-08-28T00:00:00.000Z,2025-W35,4,103.16,0,103.16,25.79,,,,,,,2025-10-10T07:49:02.124Z
3ad8c837-a370-495e-8986-3ad42d8bcbec,3,Franchise,wingverse,2025-08-28T00:00:00.000Z,2025-W35,0,0,0,0,0,,,,,,,2025-10-10T07:49:02.111Z
b8f5f572-8d36-40e5-bd60-f04f64b51aad,3,Franchise,deliveroo,2025-08-29T00:00:00.000Z,2025-W35,3,92.95,0,92.95,30.98,,,,,,,2025-10-10T07:49:02.123Z
34805e75-5af0-4dc2-b7b5-50b285804d13,3,Franchise,justeat,2025-08-29T00:00:00.000Z,2025-W35,4,147.98,0,147.98,37,,,,,,,2025-10-10T07:49:02.126Z
2bff95c4-af83-44c8-927c-bd7dd5bfa3be,3,Franchise,ubereats,2025-08-29T00:00:00.000Z,2025-W35,6,209.44,0,209.44,34.91,,,,,,,2025-10-10T07:49:02.124Z
b86fc020-c015-4f4b-bb08-8f58536b3141,3,Franchise,wingverse,2025-08-29T00:00:00.000Z,2025-W35,0,0,0,0,0,,,,,,,2025-10-10T07:49:02.111Z
a9ad4b34-8491-4ae1-a211-5fa9fc28eeb0,3,Franchise,deliveroo,2025-08-30T00:00:00.000Z,2025-W35,3,112.7,0,112.7,37.57,,,,,,,2025-10-10T07:49:02.123Z
88e53b10-2a35-47e4-a8ce-bd4fdf6f282a,3,Franchise,justeat,2025-08-30T00:00:00.000Z,2025-W35,6,181.91,0,181.91,30.32,,,,,,,2025-10-10T07:49:02.126Z
500c2a95-ef49-46d1-b442-197908b53991,3,Franchise,ubereats,2025-08-30T00:00:00.000Z,2025-W35,6,189.24,0,189.24,31.54,,,,,,,2025-10-10T07:49:02.124Z
6be324c8-b3bf-4bbd-bd85-0a99fd302c21,3,Franchise,wingverse,2025-08-30T00:00:00.000Z,2025-W35,0,0,0,0,0,,,,,,,2025-10-10T07:49:02.111Z
462afe6f-4810-4929-abd6-6b3654aecdd3,3,Franchise,deliveroo,2025-08-31T00:00:00.000Z,2025-W35,2,39.9,0,39.9,19.95,,,,,,,2025-10-10T07:49:02.123Z
b1ec7cc8-622a-4902-bc9c-7891696072bb,3,Franchise,justeat,2025-08-31T00:00:00.000Z,2025-W35,2,53.81,0,53.81,26.91,,,,,,,2025-10-10T07:49:02.126Z
bdbdcda8-8f9d-4f77-aa1c-4d8fb7810fda,3,Franchise,ubereats,2025-08-31T00:00:00.000Z,2025-W35,3,83.37,0,83.37,27.79,,,,,,,2025-10-10T07:49:02.124Z
14c86e9f-cd6a-4041-93b6-bdaf0fd52733,3,Franchise,wingverse,2025-08-31T00:00:00.000Z,2025-W35,0,0,0,0,0,,,,,,,2025-10-10T07:49:02.111Z
a22d3b9d-a2a5-4b14-9cdc-b02d60b87f9a,3,Franchise,deliveroo,2025-09-01T00:00:00.000Z,2025-W36,2,36.65,0,36.65,18.33,,,,,,,2025-10-10T07:49:02.123Z
fd20c94b-6572-49ef-a482-550906a32dfc,3,Franchise,justeat,2025-09-01T00:00:00.000Z,2025-W36,3,81.76,0,81.76,27.25,,,,,,,2025-10-10T07:49:02.126Z
abd03086-a508-442f-88b3-5d925cdaf38c,3,Franchise,ubereats,2025-09-01T00:00:00.000Z,2025-W36,4,99.21,0,99.21,24.8,,,,,,,2025-10-10T07:49:02.124Z
9d207d37-e831-4871-a08f-509fb06e51dd,3,Franchise,wingverse,2025-09-01T00:00:00.000Z,2025-W36,0,0,0,0,0,,,,,,,2025-10-10T07:49:02.111Z
3f1b1b93-23d3-4dc0-9c56-22385a4fdca0,3,Franchise,deliveroo,2025-09-02T00:00:00.000Z,2025-W36,3,66.23,0,66.23,22.08,,,,,,,2025-10-10T07:49:02.123Z
27ce7c07-ce0d-44ee-904e-de734298df5a,3,Franchise,justeat,2025-09-02T00:00:00.000Z,2025-W36,0,0,0,0,0,,,,,,,2025-10-10T07:49:02.126Z
fb1dd14e-6ec1-4909-8e83-456c859026bc,3,Franchise,ubereats,2025-09-02T00:00:00.000Z,2025-W36,3,94.47,0,94.47,31.49,,,,,,,2025-10-10T07:49:02.124Z
a8a0309e-145d-47a8-a83e-fa83beb881ee,3,Franchise,wingverse,2025-09-02T00:00:00.000Z,2025-W36,0,0,0,0,0,,,,,,,2025-10-10T07:49:02.111Z
4ffb2eaa-590e-47d8-80e4-d92d7011f6a7,3,Franchise,deliveroo,2025-09-03T00:00:00.000Z,2025-W36,3,69.85,0,69.85,23.28,,,,,,,2025-10-10T07:49:02.123Z
641b948b-fe80-4619-bded-ec85ec2f60d4,3,Franchise,justeat,2025-09-03T00:00:00.000Z,2025-W36,0,0,0,0,0,,,,,,,2025-10-10T07:49:02.126Z
474d97c8-689a-4567-86df-2545b13bef7d,3,Franchise,ubereats,2025-09-03T00:00:00.000Z,2025-W36,2,67.88,0,67.88,33.94,,,,,,,2025-10-10T07:49:02.124Z
140d9646-b225-454e-a961-da2627fde004,3,Franchise,wingverse,2025-09-03T00:00:00.000Z,2025-W36,0,0,0,0,0,,,,,,,2025-10-10T07:49:02.111Z
59ffc49e-2205-4b7a-acfb-5899f6d76ea0,3,Franchise,deliveroo,2025-09-04T00:00:00.000Z,2025-W36,4,161.1,0,161.1,40.28,,,,,,,2025-10-10T07:49:02.123Z
2d7625d4-bf6d-458a-8b7b-9b61f89bb49d,3,Franchise,justeat,2025-09-04T00:00:00.000Z,2025-W36,2,50.09,0,50.09,25.05,,,,,,,2025-10-10T07:49:02.126Z
1a43a293-832e-40b3-be81-88b2f6ecca82,3,Franchise,ubereats,2025-09-04T00:00:00.000Z,2025-W36,6,185.54,0,185.54,30.92,,,,,,,2025-10-10T07:49:02.124Z
65beffb9-376f-49cf-b915-6cee86af416a,3,Franchise,wingverse,2025-09-04T00:00:00.000Z,2025-W36,0,0,0,0,0,,,,,,,2025-10-10T07:49:02.111Z
3e71b9c6-f0e3-4381-bfd7-64b329a0c767,3,Franchise,deliveroo,2025-09-05T00:00:00.000Z,2025-W36,3,113.94,0,113.94,37.98,,,,,,,2025-10-10T07:49:02.123Z
75bfaa4b-c0aa-4922-9f3d-6b9906484dad,3,Franchise,justeat,2025-09-05T00:00:00.000Z,2025-W36,4,95.15,0,95.15,23.79,,,,,,,2025-10-10T07:49:02.126Z
661b5604-810c-4529-83ce-4b3bb367a3fc,3,Franchise,ubereats,2025-09-05T00:00:00.000Z,2025-W36,8,218.92,0,218.92,27.37,,,,,,,2025-10-10T07:49:02.124Z
0f4f9423-4cbf-40cb-a251-2245de999310,3,Franchise,wingverse,2025-09-05T00:00:00.000Z,2025-W36,0,0,0,0,0,,,,,,,2025-10-10T07:49:02.111Z
ab7cec52-d684-440f-9822-d73b2064ba40,3,Franchise,deliveroo,2025-09-06T00:00:00.000Z,2025-W36,2,86.15,0,86.15,43.08,,,,,,,2025-10-10T07:49:02.123Z
c824e11b-4bd8-491b-b5f3-788ddf901cfd,3,Franchise,justeat,2025-09-06T00:00:00.000Z,2025-W36,4,124.85,0,124.85,31.21,,,,,,,2025-10-10T07:49:02.126Z
6ffbe304-e828-4e46-bb6a-e77050d1ccfa,3,Franchise,ubereats,2025-09-06T00:00:00.000Z,2025-W36,5,120.55,0,120.55,24.11,,,,,,,2025-10-10T07:49:02.124Z
154951ff-a3bf-4b2d-9cd1-0e73b10cc612,3,Franchise,wingverse,2025-09-06T00:00:00.000Z,2025-W36,0,0,0,0,0,,,,,,,2025-10-10T07:49:02.111Z
e1406f03-71e8-4d2b-9e7b-b81c574e9bf0,3,Franchise,deliveroo,2025-09-07T00:00:00.000Z,2025-W36,0,0,0,0,0,,,,,,,2025-10-10T07:49:02.122Z
31887bbd-5701-456c-a685-9220aef8d03e,3,Franchise,justeat,2025-09-07T00:00:00.000Z,2025-W36,1,40.97,0,40.97,40.97,,,,,,,2025-10-10T07:49:02.126Z
2db369ea-ed01-4da5-a89a-09b0721aff87,3,Franchise,ubereats,2025-09-07T00:00:00.000Z,2025-W36,7,197.98,0,197.98,28.28,,,,,,,2025-10-10T07:49:02.124Z
5488c746-04e5-40f0-86e1-84b6ffca9497,3,Franchise,wingverse,2025-09-07T00:00:00.000Z,2025-W36,0,0,0,0,0,,,,,,,2025-10-10T07:49:02.111Z
fcd4bace-bf53-4f2d-8f7b-263fb2b82752,3,Franchise,deliveroo,2025-09-08T00:00:00.000Z,2025-W37,0,0,0,0,0,,,,,,,2025-10-10T07:49:02.122Z
79cd3c69-0ca1-492e-a1bf-5e7653c8e09a,3,Franchise,justeat,2025-09-08T00:00:00.000Z,2025-W37,0,0,0,0,0,,,,,,,2025-10-10T07:49:02.126Z
bb872de6-42d9-4615-a81d-7a1dc9088b57,3,Franchise,ubereats,2025-09-08T00:00:00.000Z,2025-W37,1,39.69,0,39.69,39.69,,,,,,,2025-10-10T07:49:02.124Z
4faf5064-85ee-4514-8472-f8ea46d6d5dd,3,Franchise,wingverse,2025-09-08T00:00:00.000Z,2025-W37,0,0,0,0,0,,,,,,,2025-10-10T07:49:02.111Z
2cf718b0-ee7a-4d39-92a9-b4af70676f2b,3,Franchise,deliveroo,2025-09-09T00:00:00.000Z,2025-W37,2,65.15,0,65.15,32.58,,,,,,,2025-10-10T07:49:02.122Z
5c2b002c-4425-4889-a1d7-033a2cd3182e,3,Franchise,justeat,2025-09-09T00:00:00.000Z,2025-W37,2,57.41,0,57.41,28.71,,,,,,,2025-10-10T07:49:02.126Z
34f92107-2eba-45d3-8f89-c8ef6c0d60dc,3,Franchise,ubereats,2025-09-09T00:00:00.000Z,2025-W37,6,163.54,0,163.54,27.26,,,,,,,2025-10-10T07:49:02.124Z
675c3473-5a09-4316-a5c3-c17444f3889d,3,Franchise,wingverse,2025-09-09T00:00:00.000Z,2025-W37,0,0,0,0,0,,,,,,,2025-10-10T07:49:02.111Z
71f85de0-98f6-45e0-887b-2cfd82c18faa,3,Franchise,deliveroo,2025-09-10T00:00:00.000Z,2025-W37,3,89.59,0,89.59,29.86,,,,,,,2025-10-10T07:49:02.122Z
6661f301-8049-4923-91a5-38e040632137,3,Franchise,justeat,2025-09-10T00:00:00.000Z,2025-W37,2,46.14,0,46.14,23.07,,,,,,,2025-10-10T07:49:02.126Z
25ebc495-b208-4b25-b2d3-e813990775fa,3,Franchise,ubereats,2025-09-10T00:00:00.000Z,2025-W37,6,133.89,0,133.89,22.32,,,,,,,2025-10-10T07:49:02.124Z
3e49a7dc-e430-4670-9fc9-f31d6a5356e3,3,Franchise,wingverse,2025-09-10T00:00:00.000Z,2025-W37,0,0,0,0,0,,,,,,,2025-10-10T07:49:02.111Z
d7f7607c-0956-46de-815b-948d1a17b7f4,3,Franchise,deliveroo,2025-09-11T00:00:00.000Z,2025-W37,9,313.93,0,313.93,34.88,,,,,,,2025-10-10T07:49:02.122Z
cb132e32-b6bf-41fa-a85f-1c9d3a749aa3,3,Franchise,justeat,2025-09-11T00:00:00.000Z,2025-W37,3,102.16,0,102.16,34.05,,,,,,,2025-10-10T07:49:02.126Z
4b4bf42d-d3e7-456b-af34-80c3ea0d15e1,3,Franchise,ubereats,2025-09-11T00:00:00.000Z,2025-W37,5,144.8,0,144.8,28.96,,,,,,,2025-10-10T07:49:02.124Z
feadc155-2960-4557-8f7c-7247f4ce5f92,3,Franchise,wingverse,2025-09-11T00:00:00.000Z,2025-W37,0,0,0,0,0,,,,,,,2025-10-10T07:49:02.111Z
98d99cc1-dad9-444e-af4e-ca6bca612fb6,3,Franchise,deliveroo,2025-09-12T00:00:00.000Z,2025-W37,6,182.49,0,182.49,30.42,,,,,,,2025-10-10T07:49:02.122Z
cbc71f27-0af7-4206-9ec8-a9ed1aa5eba6,3,Franchise,justeat,2025-09-12T00:00:00.000Z,2025-W37,6,192.79,0,192.79,32.13,,,,,,,2025-10-10T07:49:02.126Z
bdb62969-d201-4c9a-b504-4cae15eb966f,3,Franchise,ubereats,2025-09-12T00:00:00.000Z,2025-W37,3,79.57,0,79.57,26.52,,,,,,,2025-10-10T07:49:02.124Z
88104636-69b7-4cfe-8073-6813ac6a5f21,3,Franchise,wingverse,2025-09-12T00:00:00.000Z,2025-W37,0,0,0,0,0,,,,,,,2025-10-10T07:49:02.111Z
28696258-0220-4bb9-be43-fcff073aeebf,3,Franchise,deliveroo,2025-09-13T00:00:00.000Z,2025-W37,5,174.49,0,174.49,34.9,,,,,,,2025-10-10T07:49:02.122Z
e5986502-7710-4190-b36c-10fab42b92b1,3,Franchise,justeat,2025-09-13T00:00:00.000Z,2025-W37,1,32.42,0,32.42,32.42,,,,,,,2025-10-10T07:49:02.126Z
b545edb0-8142-427d-9f04-117c7fe56b00,3,Franchise,ubereats,2025-09-13T00:00:00.000Z,2025-W37,7,214.34,0,214.34,30.62,,,,,,,2025-10-10T07:49:02.124Z
09b8b5af-4290-4c98-85ba-4a30ec7dbc7b,3,Franchise,wingverse,2025-09-13T00:00:00.000Z,2025-W37,0,0,0,0,0,,,,,,,2025-10-10T07:49:02.111Z
fc7a8590-bb02-4228-aa1b-9fee8b7eab60,3,Franchise,deliveroo,2025-09-14T00:00:00.000Z,2025-W37,4,99.7,0,99.7,24.93,,,,,,,2025-10-10T07:49:02.122Z
43fba155-a5d5-4301-b933-5868552b5c25,3,Franchise,justeat,2025-09-14T00:00:00.000Z,2025-W37,1,31,0,31,31,,,,,,,2025-10-10T07:49:02.126Z
a08bbd59-1ae0-47d5-bfde-0046f6f1b6a4,3,Franchise,ubereats,2025-09-14T00:00:00.000Z,2025-W37,3,90.97,0,90.97,30.32,,,,,,,2025-10-10T07:49:02.124Z
1895e2f8-acf3-4591-8c2e-494b2b6d4ada,3,Franchise,wingverse,2025-09-14T00:00:00.000Z,2025-W37,0,0,0,0,0,,,,,,,2025-10-10T07:49:02.111Z
2fe0b363-7fda-4779-ac98-4c48e7e16617,3,Franchise,deliveroo,2025-09-15T00:00:00.000Z,2025-W38,1,16.2,0,16.2,16.2,,,,,,,2025-10-10T07:49:02.122Z
4ced529a-f4b1-4c2d-be86-aca112648174,3,Franchise,justeat,2025-09-15T00:00:00.000Z,2025-W38,4,115.54,0,115.54,28.89,,,,,,,2025-10-10T07:49:02.126Z
362ef49e-4bab-4b80-93e3-3db1a001aff5,3,Franchise,ubereats,2025-09-15T00:00:00.000Z,2025-W38,3,80.17,0,80.17,26.72,,,,,,,2025-10-10T07:49:02.124Z
b246bc70-a7e3-4135-a055-c011bc95a686,3,Franchise,wingverse,2025-09-15T00:00:00.000Z,2025-W38,0,0,0,0,0,,,,,,,2025-10-10T07:49:02.111Z
62ba525d-7504-4eb9-b44e-0c42b291c953,3,Franchise,deliveroo,2025-09-16T00:00:00.000Z,2025-W38,2,62.8,0,62.8,31.4,,,,,,,2025-10-10T07:49:02.122Z
82c98ccd-aa73-4ac1-bb8b-bbb56006affc,3,Franchise,justeat,2025-09-16T00:00:00.000Z,2025-W38,0,0,0,0,0,,,,,,,2025-10-10T07:49:02.126Z
615bda81-6628-4396-8b92-1560695cf118,3,Franchise,ubereats,2025-09-16T00:00:00.000Z,2025-W38,3,82.77,0,82.77,27.59,,,,,,,2025-10-10T07:49:02.124Z
552c9633-609d-4ffc-b71c-cbede54a4bb9,3,Franchise,wingverse,2025-09-16T00:00:00.000Z,2025-W38,0,0,0,0,0,,,,,,,2025-10-10T07:49:02.110Z
bdab2db5-1e0a-4e18-adc9-25f001e1801b,3,Franchise,deliveroo,2025-09-17T00:00:00.000Z,2025-W38,7,252.09,0,252.09,36.01,,,,,,,2025-10-10T07:49:02.122Z
1661a624-cd25-4dab-99dc-57b4caa0ec82,3,Franchise,justeat,2025-09-17T00:00:00.000Z,2025-W38,0,30.35,0,30.35,0,,,,,,,2025-10-10T07:49:02.126Z
1800363c-3f08-4625-a609-47fda2919eab,3,Franchise,ubereats,2025-09-17T00:00:00.000Z,2025-W38,2,53.43,0,53.43,26.72,,,,,,,2025-10-10T07:49:02.124Z
dfab0dba-07a8-4f01-894e-205614011bbb,3,Franchise,wingverse,2025-09-17T00:00:00.000Z,2025-W38,0,0,0,0,0,,,,,,,2025-10-10T07:49:02.110Z
1e8e6b80-949b-437f-9b49-5e9d11b6afde,3,Franchise,deliveroo,2025-09-18T00:00:00.000Z,2025-W38,10,352.98,0,352.98,35.3,,,,,,,2025-10-10T07:49:02.122Z
79f8316c-ef97-454f-8aed-6758f6333e12,3,Franchise,justeat,2025-09-18T00:00:00.000Z,2025-W38,0,0,0,0,0,,,,,,,2025-10-10T07:49:02.126Z
aa6c6fb1-93de-4992-9acb-7ea03f679631,3,Franchise,ubereats,2025-09-18T00:00:00.000Z,2025-W38,2,56.68,0,56.68,28.34,,,,,,,2025-10-10T07:49:02.124Z
73695bba-899f-4bff-850b-aefe893c24a9,3,Franchise,wingverse,2025-09-18T00:00:00.000Z,2025-W38,0,0,0,0,0,,,,,,,2025-10-10T07:49:02.110Z
8277f047-0e05-4d7b-b28d-8753e068e7a4,3,Franchise,deliveroo,2025-09-19T00:00:00.000Z,2025-W38,1,15.9,0,15.9,15.9,,,,,,,2025-10-10T07:49:02.122Z
6ea66e0c-30d6-4054-a407-500d5de42b7b,3,Franchise,justeat,2025-09-19T00:00:00.000Z,2025-W38,0,0,0,0,0,,,,,,,2025-10-10T07:49:02.126Z
fefbccf9-abf1-4358-b904-64a8612284ff,3,Franchise,ubereats,2025-09-19T00:00:00.000Z,2025-W38,8,237.42,0,237.42,29.68,,,,,,,2025-10-10T07:49:02.124Z
426dbf30-ae79-4b94-90fc-3f96b3ddd72e,3,Franchise,wingverse,2025-09-19T00:00:00.000Z,2025-W38,0,0,0,0,0,,,,,,,2025-10-10T07:49:02.110Z
f1101d17-bf04-4ea2-8494-832f95dd3fa7,3,Franchise,deliveroo,2025-09-20T00:00:00.000Z,2025-W38,3,87.75,0,87.75,29.25,,,,,,,2025-10-10T07:49:02.122Z
71a4964f-54e3-4e17-aef5-ad9d73a3cebe,3,Franchise,justeat,2025-09-20T00:00:00.000Z,2025-W38,4,73.83,0,73.83,18.46,,,,,,,2025-10-10T07:49:02.126Z
8285cdd4-17e8-4ca5-a851-8c5e9c68f923,3,Franchise,ubereats,2025-09-20T00:00:00.000Z,2025-W38,4,89.86,0,89.86,22.47,,,,,,,2025-10-10T07:49:02.124Z
8d8c53ca-7b67-4774-b069-9659d3c06889,3,Franchise,wingverse,2025-09-20T00:00:00.000Z,2025-W38,0,0,0,0,0,,,,,,,2025-10-10T07:49:02.110Z
624dc8d0-ead9-42e2-8018-84e5f34f089c,3,Franchise,deliveroo,2025-09-21T00:00:00.000Z,2025-W38,4,135.79,0,135.79,33.95,,,,,,,2025-10-10T07:49:02.122Z
90aa43bc-3fc3-4847-bb25-62599b731b05,3,Franchise,justeat,2025-09-21T00:00:00.000Z,2025-W38,2,25.94,0,25.94,12.97,,,,,,,2025-10-10T07:49:02.126Z
397608b8-820b-460d-b76e-a558893a50c4,3,Franchise,ubereats,2025-09-21T00:00:00.000Z,2025-W38,6,205.08,0,205.08,34.18,,,,,,,2025-10-10T07:49:02.124Z
e1cedfc5-61b1-47bb-98ba-2ba887d39369,3,Franchise,wingverse,2025-09-21T00:00:00.000Z,2025-W38,0,0,0,0,0,,,,,,,2025-10-10T07:49:02.110Z
efeb268b-42be-49b8-be86-be2fa46b3484,3,Franchise,deliveroo,2025-09-22T00:00:00.000Z,2025-W39,2,59.1,0,59.1,29.55,,,,,,,2025-10-10T07:49:02.122Z
a9be7eb1-cc2e-406f-9226-9b64d01df797,3,Franchise,justeat,2025-09-22T00:00:00.000Z,2025-W39,1,23.03,0,23.03,23.03,,,,,,,2025-10-10T07:49:02.126Z
a6930609-273b-4fee-a853-f30df3f8f8f0,3,Franchise,ubereats,2025-09-22T00:00:00.000Z,2025-W39,6,181.89,0,181.89,30.32,,,,,,,2025-10-10T07:49:02.124Z
2c30aa54-f867-4e15-b56b-a994e9d9ab69,3,Franchise,wingverse,2025-09-22T00:00:00.000Z,2025-W39,0,0,0,0,0,,,,,,,2025-10-10T07:49:02.110Z
06d69661-1a97-437b-8636-e1ab35675a37,3,Franchise,deliveroo,2025-09-23T00:00:00.000Z,2025-W39,1,35.95,0,35.95,35.95,,,,,,,2025-10-10T07:49:02.122Z
b93ceef6-6cd9-41e8-8413-99e128e053a3,3,Franchise,justeat,2025-09-23T00:00:00.000Z,2025-W39,2,89.79,0,89.79,44.9,,,,,,,2025-10-10T07:49:02.126Z
00aedd8b-c0ad-4d78-a243-0da142799f11,3,Franchise,ubereats,2025-09-23T00:00:00.000Z,2025-W39,5,181.75,0,181.75,36.35,,,,,,,2025-10-10T07:49:02.124Z
7cb10665-ddff-4aa1-810a-cfce66feb2f8,3,Franchise,wingverse,2025-09-23T00:00:00.000Z,2025-W39,0,0,0,0,0,,,,,,,2025-10-10T07:49:02.110Z
4ad16fc7-395d-4773-993f-6904eb513e3f,3,Franchise,deliveroo,2025-09-24T00:00:00.000Z,2025-W39,3,145.33,0,145.33,48.44,,,,,,,2025-10-10T07:49:02.122Z
6468b4cd-46ae-44a3-9f8a-e9776def730c,3,Franchise,justeat,2025-09-24T00:00:00.000Z,2025-W39,1,25.83,0,25.83,25.83,,,,,,,2025-10-10T07:49:02.126Z
b0628548-a854-48b4-833b-59e91e3ba58f,3,Franchise,ubereats,2025-09-24T00:00:00.000Z,2025-W39,6,159.19,0,159.19,26.53,,,,,,,2025-10-10T07:49:02.124Z
bf38839b-e7cc-4942-980a-a137d431938e,3,Franchise,wingverse,2025-09-24T00:00:00.000Z,2025-W39,0,0,0,0,0,,,,,,,2025-10-10T07:49:02.109Z
ef308814-abd2-47e8-9534-8d5d683de970,3,Franchise,deliveroo,2025-09-25T00:00:00.000Z,2025-W39,6,180.99,0,180.99,30.17,,,,,,,2025-10-10T07:49:02.122Z
6d3bb7f3-693b-4daa-bcaf-ee05f09d8710,3,Franchise,justeat,2025-09-25T00:00:00.000Z,2025-W39,2,76.96,0,76.96,38.48,,,,,,,2025-10-10T07:49:02.126Z
7ce18ee5-c560-4a06-9899-c433852bb2c2,3,Franchise,ubereats,2025-09-25T00:00:00.000Z,2025-W39,2,55.63,0,55.63,27.82,,,,,,,2025-10-10T07:49:02.124Z
8ae29ea9-fc0f-4f22-872a-852e0a4da1e4,3,Franchise,wingverse,2025-09-25T00:00:00.000Z,2025-W39,0,0,0,0,0,,,,,,,2025-10-10T07:49:02.109Z
993adf54-c3cf-4844-b141-1ca2449343f7,3,Franchise,deliveroo,2025-09-26T00:00:00.000Z,2025-W39,4,107.23,0,107.23,26.81,,,,,,,2025-10-10T07:49:02.122Z
08e0f490-209a-4242-89a6-bf0de8c09b21,3,Franchise,justeat,2025-09-26T00:00:00.000Z,2025-W39,4,131.21,0,131.21,32.8,,,,,,,2025-10-10T07:49:02.126Z
bd56af50-23c1-4480-a3d0-fd42e8bf2f5e,3,Franchise,ubereats,2025-09-26T00:00:00.000Z,2025-W39,9,194.16,0,194.16,21.57,,,,,,,2025-10-10T07:49:02.124Z
5194565a-9e4c-4dea-929c-147df6076a49,3,Franchise,wingverse,2025-09-26T00:00:00.000Z,2025-W39,0,0,0,0,0,,,,,,,2025-10-10T07:49:02.109Z
b5ead80b-6815-4c1d-b9d7-bb1b4ad6c8c4,3,Franchise,deliveroo,2025-09-27T00:00:00.000Z,2025-W39,2,45.2,0,45.2,22.6,,,,,,,2025-10-10T07:49:02.122Z
629efada-1cde-4f63-b91d-9e5ac15fb603,3,Franchise,justeat,2025-09-27T00:00:00.000Z,2025-W39,4,194.32,0,194.32,48.58,,,,,,,2025-10-10T07:49:02.126Z
4b43c039-7bc1-4192-bc18-b3ff12a10f0c,3,Franchise,ubereats,2025-09-27T00:00:00.000Z,2025-W39,6,159.09,0,159.09,26.52,,,,,,,2025-10-10T07:49:02.124Z
9f66dc9a-dc81-466f-aaa8-4ddbe78f025c,3,Franchise,wingverse,2025-09-27T00:00:00.000Z,2025-W39,0,0,0,0,0,,,,,,,2025-10-10T07:49:02.109Z
60868aa7-8c62-408d-8e9c-af45521d76ed,3,Franchise,deliveroo,2025-09-28T00:00:00.000Z,2025-W39,2,40.35,0,40.35,20.18,,,,,,,2025-10-10T07:49:02.122Z
a05953e3-422a-4f66-b68b-4679b8d54ff4,3,Franchise,justeat,2025-09-28T00:00:00.000Z,2025-W39,3,90.67,0,90.67,30.22,,,,,,,2025-10-10T07:49:02.126Z
8c39d44e-20b1-4b16-b143-1ea2a15df2cb,3,Franchise,ubereats,2025-09-28T00:00:00.000Z,2025-W39,4,94.16,0,94.16,23.54,,,,,,,2025-10-10T07:49:02.124Z
52b3e825-c2ec-4f61-918b-68957e91b5d5,3,Franchise,wingverse,2025-09-28T00:00:00.000Z,2025-W39,0,0,0,0,0,,,,,,,2025-10-10T07:49:02.109Z
7659d979-5738-471f-8d93-950a1172c270,3,Franchise,deliveroo,2025-09-29T00:00:00.000Z,2025-W40,6,106.85,0,106.85,17.81,,,,,,,2025-10-10T07:49:02.122Z
ca735d58-72f7-49ae-bbd9-6fc694c5e1a4,3,Franchise,justeat,2025-09-29T00:00:00.000Z,2025-W40,3,81.64,0,81.64,27.21,,,,,,,2025-10-10T07:49:02.126Z
8c1a7263-7bc6-48db-ac51-bcd9b2dc8ee9,3,Franchise,ubereats,2025-09-29T00:00:00.000Z,2025-W40,6,207.64,0,207.64,34.61,,,,,,,2025-10-10T07:49:02.124Z
bcab6b26-cb9d-4ce8-a15f-efbb1b03aa41,3,Franchise,wingverse,2025-09-29T00:00:00.000Z,2025-W40,0,0,0,0,0,,,,,,,2025-10-10T07:49:02.109Z
4c39c15d-2b6c-4e9a-b718-ffe0350d4ddd,3,Franchise,deliveroo,2025-09-30T00:00:00.000Z,2025-W40,9,246.75,0,246.75,27.42,,,,,,,2025-10-10T07:49:02.122Z
6fed5da4-b4d4-4a3f-a151-0615972cbefa,3,Franchise,justeat,2025-09-30T00:00:00.000Z,2025-W40,4,111.82,0,111.82,27.96,,,,,,,2025-10-10T07:49:02.126Z
e0445a19-b46e-4d3e-a6a1-287fca820d72,3,Franchise,ubereats,2025-09-30T00:00:00.000Z,2025-W40,3,87.57,0,87.57,29.19,,,,,,,2025-10-10T07:49:02.124Z
50216b0f-d872-402f-ae61-46ae66e30c6b,3,Franchise,wingverse,2025-09-30T00:00:00.000Z,2025-W40,0,0,0,0,0,,,,,,,2025-10-10T07:49:02.109Z
9856a0c3-35c5-4ce6-afa4-b3ef9e35d2d6,3,Franchise,deliveroo,2025-10-01T00:00:00.000Z,2025-W40,4,105.6,0,105.6,26.4,,,,,,,2025-10-10T07:49:02.122Z
b024624c-00ec-4f51-aef3-fd3acf0e7988,3,Franchise,justeat,2025-10-01T00:00:00.000Z,2025-W40,2,47.33,0,47.33,23.67,,,,,,,2025-10-10T07:49:02.126Z
9c44f7ce-1846-448b-ba30-f8c488da9aba,3,Franchise,ubereats,2025-10-01T00:00:00.000Z,2025-W40,5,132.35,0,132.35,26.47,,,,,,,2025-10-10T07:49:02.124Z
1dc2bee8-7d9a-4016-a1f1-97187bf65e36,3,Franchise,wingverse,2025-10-01T00:00:00.000Z,2025-W40,0,0,0,0,0,,,,,,,2025-10-10T07:49:02.109Z
34e48ea9-17b7-4671-a076-2913d7301469,3,Franchise,deliveroo,2025-10-02T00:00:00.000Z,2025-W40,10,302.35,0,302.35,30.24,,,,,,,2025-10-10T07:49:02.122Z
836770f8-458f-4474-9bff-31ac80f283d1,3,Franchise,justeat,2025-10-02T00:00:00.000Z,2025-W40,3,73.27,0,73.27,24.42,,,,,,,2025-10-10T07:49:02.126Z
60f2c611-74cd-4ec5-b4fc-340cc52b5d82,3,Franchise,ubereats,2025-10-02T00:00:00.000Z,2025-W40,5,169.9,0,169.9,33.98,,,,,,,2025-10-10T07:49:02.124Z
dd4e139d-b477-4029-a6c9-457dcedc7284,3,Franchise,wingverse,2025-10-02T00:00:00.000Z,2025-W40,0,0,0,0,0,,,,,,,2025-10-10T07:49:02.109Z
b7b413ae-30b9-494a-a046-dd6e97410452,3,Franchise,deliveroo,2025-10-03T00:00:00.000Z,2025-W40,0,0,0,0,0,,,,,,,2025-10-10T07:49:02.122Z
fd87177b-57f6-46d0-bfe7-6bd35d272167,3,Franchise,justeat,2025-10-03T00:00:00.000Z,2025-W40,2,63.3,0,63.3,31.65,,,,,,,2025-10-10T07:49:02.126Z
50276a7c-de5d-44a1-bfae-4e0b1b731a04,3,Franchise,ubereats,2025-10-03T00:00:00.000Z,2025-W40,4,140.95,0,140.95,35.24,,,,,,,2025-10-10T07:49:02.124Z
4239ecca-7f73-4d85-8702-db2bb796cc3e,3,Franchise,wingverse,2025-10-03T00:00:00.000Z,2025-W40,1,12.2,0,12.2,12.2,,,,,,,2025-10-10T07:49:02.109Z
10c05dd7-225b-4122-821d-963675ba5d05,3,Franchise,deliveroo,2025-10-04T00:00:00.000Z,2025-W40,5,210.39,0,210.39,42.08,,,,,,,2025-10-10T07:49:02.122Z
d0badf99-43a7-4a2e-b122-0f41464f0da8,3,Franchise,justeat,2025-10-04T00:00:00.000Z,2025-W40,0,0,0,0,0,,,,,,,2025-10-10T07:49:02.126Z
957119ea-1df0-44fd-90f5-bd2df8252571,3,Franchise,ubereats,2025-10-04T00:00:00.000Z,2025-W40,8,287.87,0,287.87,35.98,,,,,,,2025-10-10T07:49:02.124Z
c58cfb28-b232-4a81-9d32-b9cf28f57247,3,Franchise,wingverse,2025-10-04T00:00:00.000Z,2025-W40,0,0,0,0,0,,,,,,,2025-10-10T07:49:02.109Z
c57d3f44-55d8-4686-bb7a-fd5704199168,3,Franchise,deliveroo,2025-10-05T00:00:00.000Z,2025-W40,4,106.6,0,106.6,26.65,,,,,,,2025-10-10T07:49:02.122Z
2a471c29-6ef9-4db2-9883-aeca4ba024f5,3,Franchise,justeat,2025-10-05T00:00:00.000Z,2025-W40,0,0,0,0,0,,,,,,,2025-10-10T07:49:02.126Z
16cbef25-ca33-4d5c-8f4c-6cb8af253442,3,Franchise,ubereats,2025-10-05T00:00:00.000Z,2025-W40,5,124.75,0,124.75,24.95,,,,,,,2025-10-10T07:49:02.124Z
1ac85413-29cb-4a86-83dc-a2c1da6141ad,3,Franchise,wingverse,2025-10-05T00:00:00.000Z,2025-W40,0,0,0,0,0,,,,,,,2025-10-10T07:49:02.109Z
401ddc65-ad27-40af-8bfc-810697621e83,3,Franchise,deliveroo,2025-10-06T00:00:00.000Z,2025-W41,3,43.65,0,43.65,14.549999999999999,,,,,,,2025-10-10T07:49:02.122Z
92387cd7-b0f4-464f-92e4-8fccd66c2a16,3,Franchise,justeat,2025-10-06T00:00:00.000Z,2025-W41,0,0,0,0,0,,,,,,,2025-10-10T07:49:02.126Z
ff14e31d-92a5-4c6e-bf76-308372ae0d53,3,Franchise,ubereats,2025-10-06T00:00:00.000Z,2025-W41,6,182.39,0,182.39,30.39833333333333,,,,,,,2025-10-10T07:49:02.124Z
1d51bdc0-16aa-4d41-8df9-e089e9a95920,3,Franchise,wingverse,2025-10-06T00:00:00.000Z,2025-W41,0,0,0,0,0,,,,,,,2025-10-10T07:49:02.109Z
8534a90c-0eb4-4d3b-9b76-441543571322,3,Franchise,deliveroo,2025-10-07T00:00:00.000Z,2025-W41,4,106.7,0,106.7,26.675,,,,,,,2025-10-10T07:49:02.122Z
7323db48-7d7d-4310-82a2-a62aa8055054,3,Franchise,justeat,2025-10-07T00:00:00.000Z,2025-W41,0,0,0,0,0,,,,,,,2025-10-10T07:49:02.126Z
9d901df1-0355-4c19-9776-d5d52a852264,3,Franchise,ubereats,2025-10-07T00:00:00.000Z,2025-W41,8,209.32,0,209.32,26.165,,,,,,,2025-10-10T07:49:02.124Z
f5b170e1-5bc0-48fb-a448-cd5277cd7e48,3,Franchise,wingverse,2025-10-07T00:00:00.000Z,2025-W41,0,0,0,0,0,,,,,,,2025-10-10T07:49:02.109Z
2c2485e2-f090-40c6-b720-363f478e2835,3,Franchise,deliveroo,2025-10-08T00:00:00.000Z,2025-W41,3,83.05,0,83.05,27.683333333333334,,,,,,,2025-10-10T07:49:02.122Z
dd5eeee9-e48b-4586-87c3-3136bc3d097e,3,Franchise,justeat,2025-10-08T00:00:00.000Z,2025-W41,1,25.31,0,25.31,25.31,,,,,,,2025-10-10T07:49:02.126Z
97295b1d-f5c3-478a-9ecc-0dd7e4e248f1,3,Franchise,ubereats,2025-10-08T00:00:00.000Z,2025-W41,3,78.12,0,78.12,26.040000000000003,,,,,,,2025-10-10T07:49:02.124Z
78d3120b-3ac4-4471-bd72-4b582724d762,3,Franchise,wingverse,2025-10-08T00:00:00.000Z,2025-W41,0,0,0,0,0,,,,,,,2025-10-10T07:49:02.109Z
8488a5ed-26df-49e6-b81c-04197942eb0b,3,Franchise,deliveroo,2025-10-09T00:00:00.000Z,2025-W41,0,0,0,0,0,,,,,,,2025-10-10T07:49:02.122Z
9d9c89b4-76e5-40fa-a187-cacbb62bac58,3,Franchise,justeat,2025-10-09T00:00:00.000Z,2025-W41,0,0,0,0,0,,,,,,,2025-10-10T07:49:02.126Z
666de245-200f-4da3-ac6f-e7d370fdf740,3,Franchise,ubereats,2025-10-09T00:00:00.000Z,2025-W41,0,0,0,0,0,,,,,,,2025-10-10T07:49:02.124Z
27eab685-9da6-4cc3-ac9c-714138c0c3c7,3,Franchise,wingverse,2025-10-09T00:00:00.000Z,2025-W41,0,0,0,0,0,,,,,,,2025-10-10T07:49:02.109Z
1029eb74-15a6-4f96-a803-0b50d4f55db9,3,Franchise,deliveroo,2025-10-10T00:00:00.000Z,2025-W41,0,0,0,0,0,,,,,,,2025-10-10T07:49:02.122Z
430eb62f-702d-4478-9d54-e4e90c18fb90,3,Franchise,justeat,2025-10-10T00:00:00.000Z,2025-W41,0,0,0,0,0,,,,,,,2025-10-10T07:49:02.126Z
76837cdd-427f-4d98-961a-363ad9945dbb,3,Franchise,ubereats,2025-10-10T00:00:00.000Z,2025-W41,0,0,0,0,0,,,,,,,2025-10-10T07:49:02.124Z
65ecfeab-5ed0-42c3-8d78-143a5055fb2c,3,Franchise,wingverse,2025-10-10T00:00:00.000Z,2025-W41,0,0,0,0,0,,,,,,,2025-10-10T07:49:02.108Z
d48d3d3c-712e-4f38-96a4-47927d3a4bc6,3,Franchise,deliveroo,2025-10-11T00:00:00.000Z,2025-W41,0,0,0,0,0,,,,,,,2025-10-10T07:49:02.122Z
f3a33fee-a579-42bb-8c43-99c561dcd1e4,3,Franchise,justeat,2025-10-11T00:00:00.000Z,2025-W41,0,0,0,0,0,,,,,,,2025-10-10T07:49:02.126Z
43c1cb07-27b7-480c-a880-52e497a65b39,3,Franchise,ubereats,2025-10-11T00:00:00.000Z,2025-W41,0,0,0,0,0,,,,,,,2025-10-10T07:49:02.124Z
4557abca-5f9c-4776-ae35-77673fe8baf1,3,Franchise,wingverse,2025-10-11T00:00:00.000Z,2025-W41,0,0,0,0,0,,,,,,,2025-10-10T07:49:02.108Z